timestamp,dai_pool,usdc_pool,usdt_pool,amp,fee_rate,source,method
2021-10-07T15:59:12Z,472393943.0746731,1137894283.999914,1029969592.194122,2000,0.0003,https://eth-mainnet.public.blastapi.io · Ethereum Curve 3pool 0xbebc44782c7db0a1a60cb6fe97d0b483032ff1c7 · block 13372748,Ethereum JSON-RPC historical state at block 13372748; closest block at/before 2021-10-07T16:00:00+00:00
2021-10-27T15:59:00Z,1150775292.6797998,1246669652.600694,958667569.294869,2000,0.0003,https://eth-mainnet.public.blastapi.io · Ethereum Curve 3pool 0xbebc44782c7db0a1a60cb6fe97d0b483032ff1c7 · block 13500334,Ethereum JSON-RPC historical state at block 13500334; closest block at/before 2021-10-27T16:00:00+00:00
2021-10-28T15:57:14Z,1219097488.5078247,1290894131.188486,905265203.2476,2000,0.0003,https://eth.drpc.org · Ethereum Curve 3pool 0xbebc44782c7db0a1a60cb6fe97d0b483032ff1c7 · block 13506676,Ethereum JSON-RPC historical state at block 13506676; block at/before 2021-10-28T16:00:00+00:00 selected within 300 seconds; actual block timestamp is recorded
2021-11-15T15:59:57Z,1691028559.8140912,1329190167.121558,1080286644.733646,2000,0.0003,https://eth.drpc.org · Ethereum Curve 3pool 0xbebc44782c7db0a1a60cb6fe97d0b483032ff1c7 · block 13621260,Ethereum JSON-RPC historical state at block 13621260; block at/before 2021-11-15T16:00:00+00:00 selected within 300 seconds; actual block timestamp is recorded
2021-12-15T15:57:29Z,1611906803.2982492,1665860414.010782,894988706.596228,2000,0.0003,https://eth.drpc.org · Ethereum Curve 3pool 0xbebc44782c7db0a1a60cb6fe97d0b483032ff1c7 · block 13810662,Ethereum JSON-RPC historical state at block 13810662; block at/before 2021-12-15T16:00:00+00:00 selected within 300 seconds; actual block timestamp is recorded
2022-01-15T15:58:30Z,1896887184.1824384,2002030384.920218,1883164753.058187,2000,0.0003,https://eth.drpc.org · Ethereum Curve 3pool 0xbebc44782c7db0a1a60cb6fe97d0b483032ff1c7 · block 14010981,Ethereum JSON-RPC historical state at block 14010981; block at/before 2022-01-15T16:00:00+00:00 selected within 300 seconds; actual block timestamp is recorded
2022-02-15T15:59:41Z,1668477350.2583404,1562693355.846751,881862029.124811,2000,0.0003,https://eth.drpc.org · Ethereum Curve 3pool 0xbebc44782c7db0a1a60cb6fe97d0b483032ff1c7 · block 14211625,Ethereum JSON-RPC historical state at block 14211625; block at/before 2022-02-15T16:00:00+00:00 selected within 300 seconds; actual block timestamp is recorded
2022-03-15T15:59:28Z,1504428064.0845802,1641590318.270762,763484085.299274,5000,0.0003,https://eth.drpc.org · Ethereum Curve 3pool 0xbebc44782c7db0a1a60cb6fe97d0b483032ff1c7 · block 14392122,Ethereum JSON-RPC historical state at block 14392122; block at/before 2022-03-15T16:00:00+00:00 selected within 300 seconds; actual block timestamp is recorded
2022-04-15T15:59:53Z,1451566475.517335,1292870611.612511,824606747.12267,5000,0.0003,https://eth.drpc.org · Ethereum Curve 3pool 0xbebc44782c7db0a1a60cb6fe97d0b483032ff1c7 · block 14590874,Ethereum JSON-RPC historical state at block 14590874; block at/before 2022-04-15T16:00:00+00:00 selected within 300 seconds; actual block timestamp is recorded
2022-05-12T15:59:51Z,165074504.821174,162901464.962251,1418130995.093333,5000,0.0003,https://eth.drpc.org · Ethereum Curve 3pool 0xbebc44782c7db0a1a60cb6fe97d0b483032ff1c7 · block 14761993,Ethereum JSON-RPC historical state at block 14761993; block at/before 2022-05-12T16:00:00+00:00 selected within 300 seconds; actual block timestamp is recorded
2022-05-15T15:55:25Z,182245831.47042975,182102114.414455,1060108166.886462,5000,0.0001,https://eth.drpc.org · Ethereum Curve 3pool 0xbebc44782c7db0a1a60cb6fe97d0b483032ff1c7 · block 14780845,Ethereum JSON-RPC historical state at block 14780845; block at/before 2022-05-15T16:00:00+00:00 selected within 300 seconds; actual block timestamp is recorded
2022-06-15T15:59:59Z,199470905.99696836,209324452.55159,780257607.152502,2000,0.0001,https://eth.drpc.org · Ethereum Curve 3pool 0xbebc44782c7db0a1a60cb6fe97d0b483032ff1c7 · block 14968338,Ethereum JSON-RPC historical state at block 14968338; block at/before 2022-06-15T16:00:00+00:00 selected within 300 seconds; actual block timestamp is recorded
2022-07-15T15:59:37Z,225817587.68505213,219790399.500884,527974447.364691,2000,0.0001,https://eth.drpc.org · Ethereum Curve 3pool 0xbebc44782c7db0a1a60cb6fe97d0b483032ff1c7 · block 15148234,Ethereum JSON-RPC historical state at block 15148234; block at/before 2022-07-15T16:00:00+00:00 selected within 300 seconds; actual block timestamp is recorded
2022-08-15T15:59:34Z,373892933.31316966,382812900.965003,210507505.829579,2000,0.0001,https://eth.drpc.org · Ethereum Curve 3pool 0xbebc44782c7db0a1a60cb6fe97d0b483032ff1c7 · block 15346945,Ethereum JSON-RPC historical state at block 15346945; block at/before 2022-08-15T16:00:00+00:00 selected within 300 seconds; actual block timestamp is recorded
2022-09-15T15:59:59Z,265931254.61511496,259783534.681847,226175005.814201,2000,0.0001,https://eth.drpc.org · Ethereum Curve 3pool 0xbebc44782c7db0a1a60cb6fe97d0b483032ff1c7 · block 15540143,Ethereum JSON-RPC historical state at block 15540143; block at/before 2022-09-15T16:00:00+00:00 selected within 300 seconds; actual block timestamp is recorded
2022-10-15T15:59:59Z,269331959.6084918,271114726.388572,304148914.243395,2000,0.0001,https://eth.drpc.org · Ethereum Curve 3pool 0xbebc44782c7db0a1a60cb6fe97d0b483032ff1c7 · block 15754571,Ethereum JSON-RPC historical state at block 15754571; block at/before 2022-10-15T16:00:00+00:00 selected within 300 seconds; actual block timestamp is recorded
2022-11-09T15:59:59Z,133946217.50797462,137237289.051184,513828244.116327,2000,0.0001,https://eth.drpc.org · Ethereum Curve 3pool 0xbebc44782c7db0a1a60cb6fe97d0b483032ff1c7 · block 15933518,Ethereum JSON-RPC historical state at block 15933518; block at/before 2022-11-09T16:00:00+00:00 selected within 300 seconds; actual block timestamp is recorded
2022-11-15T15:59:59Z,118586390.1994678,119605907.437533,393893644.150881,2000,0.0001,https://eth.drpc.org · Ethereum Curve 3pool 0xbebc44782c7db0a1a60cb6fe97d0b483032ff1c7 · block 15976489,Ethereum JSON-RPC historical state at block 15976489; block at/before 2022-11-15T16:00:00+00:00 selected within 300 seconds; actual block timestamp is recorded
2022-12-15T15:59:59Z,219297954.99162754,234401996.008886,164895830.758582,2000,0.0001,https://eth.drpc.org · Ethereum Curve 3pool 0xbebc44782c7db0a1a60cb6fe97d0b483032ff1c7 · block 16191147,Ethereum JSON-RPC historical state at block 16191147; block at/before 2022-12-15T16:00:00+00:00 selected within 300 seconds; actual block timestamp is recorded
2023-01-15T15:59:59Z,207745489.6134268,245096785.185043,113507235.255389,2000,0.0001,https://eth.drpc.org · Ethereum Curve 3pool 0xbebc44782c7db0a1a60cb6fe97d0b483032ff1c7 · block 16413252,Ethereum JSON-RPC historical state at block 16413252; block at/before 2023-01-15T16:00:00+00:00 selected within 300 seconds; actual block timestamp is recorded
2023-02-15T15:59:59Z,199833591.86163545,199321557.869475,125565871.745804,2000,0.0001,https://eth.drpc.org · Ethereum Curve 3pool 0xbebc44782c7db0a1a60cb6fe97d0b483032ff1c7 · block 16635192,Ethereum JSON-RPC historical state at block 16635192; block at/before 2023-02-15T16:00:00+00:00 selected within 300 seconds; actual block timestamp is recorded
2023-03-09T15:59:59Z,167840441.2699162,162364717.247673,196228992.699113,2000,0.0001,https://eth-mainnet.public.blastapi.io · Ethereum Curve 3pool 0xbebc44782c7db0a1a60cb6fe97d0b483032ff1c7 · block 16791695,Ethereum JSON-RPC historical state at block 16791695; closest block at/before 2023-03-09T16:00:00+00:00
2023-03-10T15:59:59Z,169652693.67378077,174034985.063894,178853782.599417,2000,0.0001,https://eth-mainnet.public.blastapi.io · Ethereum Curve 3pool 0xbebc44782c7db0a1a60cb6fe97d0b483032ff1c7 · block 16798773,Ethereum JSON-RPC historical state at block 16798773; closest block at/before 2023-03-10T16:00:00+00:00
2023-03-11T15:59:59Z,42565109.48261199,330491568.335817,9776531.524346,2000,0.0001,https://eth-mainnet.public.blastapi.io · Ethereum Curve 3pool 0xbebc44782c7db0a1a60cb6fe97d0b483032ff1c7 · block 16805885,Ethereum JSON-RPC historical state at block 16805885; closest block at/before 2023-03-11T16:00:00+00:00
2023-03-12T15:59:59Z,176306445.46233758,208877851.363402,8534534.824308,2000,0.0001,https://eth-mainnet.public.blastapi.io · Ethereum Curve 3pool 0xbebc44782c7db0a1a60cb6fe97d0b483032ff1c7 · block 16812993,Ethereum JSON-RPC historical state at block 16812993; closest block at/before 2023-03-12T16:00:00+00:00
2023-03-13T15:59:59Z,185225051.62578496,185136161.846235,24605183.939115,2000,0.0001,https://eth-mainnet.public.blastapi.io · Ethereum Curve 3pool 0xbebc44782c7db0a1a60cb6fe97d0b483032ff1c7 · block 16820114,Ethereum JSON-RPC historical state at block 16820114; closest block at/before 2023-03-13T16:00:00+00:00
2023-03-14T15:59:59Z,185033373.66942286,182205085.48187,27412213.252062,2000,0.0001,https://eth-mainnet.public.blastapi.io · Ethereum Curve 3pool 0xbebc44782c7db0a1a60cb6fe97d0b483032ff1c7 · block 16827240,Ethereum JSON-RPC historical state at block 16827240; closest block at/before 2023-03-14T16:00:00+00:00
2023-03-15T15:59:59Z,186530902.63159177,178896274.800058,35304202.43041,2000,0.0001,https://eth-mainnet.public.blastapi.io · Ethereum Curve 3pool 0xbebc44782c7db0a1a60cb6fe97d0b483032ff1c7 · block 16834340,Ethereum JSON-RPC historical state at block 16834340; closest block at/before 2023-03-15T16:00:00+00:00
2023-04-15T15:59:59Z,189911325.62960717,182192986.08708,73598849.981432,2000,0.0001,https://eth.drpc.org · Ethereum Curve 3pool 0xbebc44782c7db0a1a60cb6fe97d0b483032ff1c7 · block 17053441,Ethereum JSON-RPC historical state at block 17053441; block at/before 2023-04-15T16:00:00+00:00 selected within 300 seconds; actual block timestamp is recorded
2023-05-15T15:59:59Z,149986992.48081914,146905337.979072,90102996.17798,2000,0.0001,https://eth.drpc.org · Ethereum Curve 3pool 0xbebc44782c7db0a1a60cb6fe97d0b483032ff1c7 · block 17266222,Ethereum JSON-RPC historical state at block 17266222; block at/before 2023-05-15T16:00:00+00:00 selected within 300 seconds; actual block timestamp is recorded
2023-06-15T15:59:59Z,67990951.38910183,67987347.994588,243848714.314013,2000,0.0001,https://eth.drpc.org · Ethereum Curve 3pool 0xbebc44782c7db0a1a60cb6fe97d0b483032ff1c7 · block 17486327,Ethereum JSON-RPC historical state at block 17486327; block at/before 2023-06-15T16:00:00+00:00 selected within 300 seconds; actual block timestamp is recorded
2023-07-15T15:59:59Z,115704739.63235295,120943395.340414,64722477.061171,2000,0.0001,https://eth.drpc.org · Ethereum Curve 3pool 0xbebc44782c7db0a1a60cb6fe97d0b483032ff1c7 · block 17699817,Ethereum JSON-RPC historical state at block 17699817; block at/before 2023-07-15T16:00:00+00:00 selected within 300 seconds; actual block timestamp is recorded
2023-08-15T15:59:59Z,36993632.83800695,35933899.383121,150097670.347996,2000,0.0001,https://eth.drpc.org · Ethereum Curve 3pool 0xbebc44782c7db0a1a60cb6fe97d0b483032ff1c7 · block 17921290,Ethereum JSON-RPC historical state at block 17921290; block at/before 2023-08-15T16:00:00+00:00 selected within 300 seconds; actual block timestamp is recorded
2023-08-17T15:56:47Z,39410782.15434118,38955834.691791,146670642.221593,2000,0.0001,https://eth.drpc.org · Ethereum Curve 3pool 0xbebc44782c7db0a1a60cb6fe97d0b483032ff1c7 · block 17935573,Ethereum JSON-RPC historical state at block 17935573; block at/before 2023-08-17T16:00:00+00:00 selected within 300 seconds; actual block timestamp is recorded
2023-09-15T15:59:59Z,69937194.57071318,65432279.582073,87634780.671032,2000,0.0001,https://eth.drpc.org · Ethereum Curve 3pool 0xbebc44782c7db0a1a60cb6fe97d0b483032ff1c7 · block 18142657,Ethereum JSON-RPC historical state at block 18142657; block at/before 2023-09-15T16:00:00+00:00 selected within 300 seconds; actual block timestamp is recorded
2023-10-15T15:59:59Z,67056444.043710746,69747568.202857,82533263.873247,2000,0.0001,https://eth.drpc.org · Ethereum Curve 3pool 0xbebc44782c7db0a1a60cb6fe97d0b483032ff1c7 · block 18356828,Ethereum JSON-RPC historical state at block 18356828; block at/before 2023-10-15T16:00:00+00:00 selected within 300 seconds; actual block timestamp is recorded
2023-11-15T15:59:59Z,76105353.40152611,59516395.713698,57848419.379029,2000,0.0001,https://eth.drpc.org · Ethereum Curve 3pool 0xbebc44782c7db0a1a60cb6fe97d0b483032ff1c7 · block 18578336,Ethereum JSON-RPC historical state at block 18578336; block at/before 2023-11-15T16:00:00+00:00 selected within 300 seconds; actual block timestamp is recorded
2023-12-15T15:59:59Z,62520991.039790556,57888172.900814,71561560.410681,2000,0.0001,https://eth.drpc.org · Ethereum Curve 3pool 0xbebc44782c7db0a1a60cb6fe97d0b483032ff1c7 · block 18792563,Ethereum JSON-RPC historical state at block 18792563; block at/before 2023-12-15T16:00:00+00:00 selected within 300 seconds; actual block timestamp is recorded
2024-01-15T15:59:59Z,46002199.04853747,41968690.868694,117490973.627481,2000,0.0001,https://eth.drpc.org · Ethereum Curve 3pool 0xbebc44782c7db0a1a60cb6fe97d0b483032ff1c7 · block 19013333,Ethereum JSON-RPC historical state at block 19013333; block at/before 2024-01-15T16:00:00+00:00 selected within 300 seconds; actual block timestamp is recorded
2024-02-15T15:59:59Z,82134454.53276838,73911209.40586,36047254.503863,2000,0.0001,https://eth.drpc.org · Ethereum Curve 3pool 0xbebc44782c7db0a1a60cb6fe97d0b483032ff1c7 · block 19234381,Ethereum JSON-RPC historical state at block 19234381; block at/before 2024-02-15T16:00:00+00:00 selected within 300 seconds; actual block timestamp is recorded
2024-03-15T15:59:59Z,44939950.68459221,53231711.057301,85277381.761535,2000,0.0001,https://eth.drpc.org · Ethereum Curve 3pool 0xbebc44782c7db0a1a60cb6fe97d0b483032ff1c7 · block 19441396,Ethereum JSON-RPC historical state at block 19441396; block at/before 2024-03-15T16:00:00+00:00 selected within 300 seconds; actual block timestamp is recorded
2024-04-15T15:56:11Z,76878297.4849575,70834463.677108,32278713.404683,2000,0.0001,https://eth.drpc.org · Ethereum Curve 3pool 0xbebc44782c7db0a1a60cb6fe97d0b483032ff1c7 · block 19661942,Ethereum JSON-RPC historical state at block 19661942; block at/before 2024-04-15T16:00:00+00:00 selected within 300 seconds; actual block timestamp is recorded
2024-05-15T15:59:59Z,59461418.03675626,59188402.508116,60518409.389587,2000,0.0001,https://eth.drpc.org · Ethereum Curve 3pool 0xbebc44782c7db0a1a60cb6fe97d0b483032ff1c7 · block 19876433,Ethereum JSON-RPC historical state at block 19876433; block at/before 2024-05-15T16:00:00+00:00 selected within 300 seconds; actual block timestamp is recorded
2024-06-15T15:59:59Z,37659014.94668665,42209142.317575,99409435.63746,2000,0.0001,https://eth.drpc.org · Ethereum Curve 3pool 0xbebc44782c7db0a1a60cb6fe97d0b483032ff1c7 · block 20098245,Ethereum JSON-RPC historical state at block 20098245; block at/before 2024-06-15T16:00:00+00:00 selected within 300 seconds; actual block timestamp is recorded
2024-07-15T15:59:59Z,67348890.85900126,67330745.790204,38485045.400906,2000,0.0001,https://eth.drpc.org · Ethereum Curve 3pool 0xbebc44782c7db0a1a60cb6fe97d0b483032ff1c7 · block 20312963,Ethereum JSON-RPC historical state at block 20312963; block at/before 2024-07-15T16:00:00+00:00 selected within 300 seconds; actual block timestamp is recorded
2024-08-05T15:59:59Z,65720588.01510306,77232134.818454,33546460.954033,2000,0.0001,https://eth.drpc.org · Ethereum Curve 3pool 0xbebc44782c7db0a1a60cb6fe97d0b483032ff1c7 · block 20463418,Ethereum JSON-RPC historical state at block 20463418; block at/before 2024-08-05T16:00:00+00:00 selected within 300 seconds; actual block timestamp is recorded
2024-08-15T15:59:59Z,62704506.253016114,61682288.651351,53168029.323075,2000,0.0001,https://eth.drpc.org · Ethereum Curve 3pool 0xbebc44782c7db0a1a60cb6fe97d0b483032ff1c7 · block 20535083,Ethereum JSON-RPC historical state at block 20535083; block at/before 2024-08-15T16:00:00+00:00 selected within 300 seconds; actual block timestamp is recorded
2024-09-15T15:59:59Z,63360485.11787578,61423604.724741,40858358.606424,2000,0.0001,https://eth.drpc.org · Ethereum Curve 3pool 0xbebc44782c7db0a1a60cb6fe97d0b483032ff1c7 · block 20757071,Ethereum JSON-RPC historical state at block 20757071; block at/before 2024-09-15T16:00:00+00:00 selected within 300 seconds; actual block timestamp is recorded
2024-10-15T15:59:47Z,44471115.77332977,47200981.642228,67897793.673919,2000,0.0001,https://eth.drpc.org · Ethereum Curve 3pool 0xbebc44782c7db0a1a60cb6fe97d0b483032ff1c7 · block 20972015,Ethereum JSON-RPC historical state at block 20972015; block at/before 2024-10-15T16:00:00+00:00 selected within 300 seconds; actual block timestamp is recorded
2024-11-15T15:59:59Z,56414883.6897669,54117724.588879,46588154.751347,2000,0.0001,https://eth.drpc.org · Ethereum Curve 3pool 0xbebc44782c7db0a1a60cb6fe97d0b483032ff1c7 · block 21194147,Ethereum JSON-RPC historical state at block 21194147; block at/before 2024-11-15T16:00:00+00:00 selected within 300 seconds; actual block timestamp is recorded
2024-12-15T15:59:59Z,43398678.79999383,42295829.270447,80470590.386913,2000,0.0001,https://eth.drpc.org · Ethereum Curve 3pool 0xbebc44782c7db0a1a60cb6fe97d0b483032ff1c7 · block 21408969,Ethereum JSON-RPC historical state at block 21408969; block at/before 2024-12-15T16:00:00+00:00 selected within 300 seconds; actual block timestamp is recorded
2025-01-15T15:59:47Z,47636444.97553885,47859097.199711,66206526.370695,2000,0.0001,https://eth.drpc.org · Ethereum Curve 3pool 0xbebc44782c7db0a1a60cb6fe97d0b483032ff1c7 · block 21630934,Ethereum JSON-RPC historical state at block 21630934; block at/before 2025-01-15T16:00:00+00:00 selected within 300 seconds; actual block timestamp is recorded
2025-02-15T15:57:35Z,58286095.65475383,58687379.883226,46789040.222635,2000,0.0001,https://eth.drpc.org · Ethereum Curve 3pool 0xbebc44782c7db0a1a60cb6fe97d0b483032ff1c7 · block 21852861,Ethereum JSON-RPC historical state at block 21852861; block at/before 2025-02-15T16:00:00+00:00 selected within 300 seconds; actual block timestamp is recorded
2025-03-15T15:59:59Z,50552555.57941192,51112551.432681,67316607.760091,7224,0.0002,https://eth.drpc.org · Ethereum Curve 3pool 0xbebc44782c7db0a1a60cb6fe97d0b483032ff1c7 · block 22053335,Ethereum JSON-RPC historical state at block 22053335; block at/before 2025-03-15T16:00:00+00:00 selected within 300 seconds; actual block timestamp is recorded
2025-04-15T15:59:59Z,48437723.83296473,50769541.804217,76474136.253329,8000,8e-05,https://eth.drpc.org · Ethereum Curve 3pool 0xbebc44782c7db0a1a60cb6fe97d0b483032ff1c7 · block 22275434,Ethereum JSON-RPC historical state at block 22275434; block at/before 2025-04-15T16:00:00+00:00 selected within 300 seconds; actual block timestamp is recorded
2025-05-15T15:59:59Z,76161205.44523856,78579145.547569,23804621.40224,8000,8e-05,https://eth.drpc.org · Ethereum Curve 3pool 0xbebc44782c7db0a1a60cb6fe97d0b483032ff1c7 · block 22489562,Ethereum JSON-RPC historical state at block 22489562; block at/before 2025-05-15T16:00:00+00:00 selected within 300 seconds; actual block timestamp is recorded
2025-06-15T15:59:23Z,82318511.28800693,77411774.521796,21131026.7887,8000,8e-05,https://eth.drpc.org · Ethereum Curve 3pool 0xbebc44782c7db0a1a60cb6fe97d0b483032ff1c7 · block 22710983,Ethereum JSON-RPC historical state at block 22710983; block at/before 2025-06-15T16:00:00+00:00 selected within 300 seconds; actual block timestamp is recorded
2025-07-15T15:59:59Z,60979574.82972334,60147466.577592,63584018.729513,4000,0.00015,https://eth.drpc.org · Ethereum Curve 3pool 0xbebc44782c7db0a1a60cb6fe97d0b483032ff1c7 · block 22925634,Ethereum JSON-RPC historical state at block 22925634; block at/before 2025-07-15T16:00:00+00:00 selected within 300 seconds; actual block timestamp is recorded
2025-08-15T15:59:59Z,83476665.8894205,84250774.082162,27827271.829173,4000,0.00015,https://eth.drpc.org · Ethereum Curve 3pool 0xbebc44782c7db0a1a60cb6fe97d0b483032ff1c7 · block 23147490,Ethereum JSON-RPC historical state at block 23147490; block at/before 2025-08-15T16:00:00+00:00 selected within 300 seconds; actual block timestamp is recorded
2025-09-15T15:59:35Z,79594851.16201009,81510704.608287,27195459.165207,4000,0.00015,https://eth.drpc.org · Ethereum Curve 3pool 0xbebc44782c7db0a1a60cb6fe97d0b483032ff1c7 · block 23369527,Ethereum JSON-RPC historical state at block 23369527; block at/before 2025-09-15T16:00:00+00:00 selected within 300 seconds; actual block timestamp is recorded
2025-10-15T15:57:23Z,77741288.34955877,77914290.71619,21402565.537285,4000,0.00015,https://eth.drpc.org · Ethereum Curve 3pool 0xbebc44782c7db0a1a60cb6fe97d0b483032ff1c7 · block 23584127,Ethereum JSON-RPC historical state at block 23584127; block at/before 2025-10-15T16:00:00+00:00 selected within 300 seconds; actual block timestamp is recorded
2025-11-15T15:59:59Z,32309703.00886959,31105972.509993,105468848.510393,4000,0.00015,https://eth.drpc.org · Ethereum Curve 3pool 0xbebc44782c7db0a1a60cb6fe97d0b483032ff1c7 · block 23805642,Ethereum JSON-RPC historical state at block 23805642; block at/before 2025-11-15T16:00:00+00:00 selected within 300 seconds; actual block timestamp is recorded
2025-12-15T15:59:59Z,68311849.76737769,65126183.391374,33046889.349084,4000,0.00015,https://eth.drpc.org · Ethereum Curve 3pool 0xbebc44782c7db0a1a60cb6fe97d0b483032ff1c7 · block 24019053,Ethereum JSON-RPC historical state at block 24019053; block at/before 2025-12-15T16:00:00+00:00 selected within 300 seconds; actual block timestamp is recorded
2026-01-15T15:59:59Z,55060264.1257927,60270420.499595,51515568.141277,4000,0.00015,https://eth.drpc.org · Ethereum Curve 3pool 0xbebc44782c7db0a1a60cb6fe97d0b483032ff1c7 · block 24241165,Ethereum JSON-RPC historical state at block 24241165; block at/before 2026-01-15T16:00:00+00:00 selected within 300 seconds; actual block timestamp is recorded
2026-02-15T15:59:59Z,33745716.109585576,33446691.435075,95026617.959466,4000,0.00015,https://eth.drpc.org · Ethereum Curve 3pool 0xbebc44782c7db0a1a60cb6fe97d0b483032ff1c7 · block 24463259,Ethereum JSON-RPC historical state at block 24463259; block at/before 2026-02-15T16:00:00+00:00 selected within 300 seconds; actual block timestamp is recorded
2026-03-15T15:59:59Z,67943506.46512349,61214361.588251,33867111.02305,4000,0.00015,https://eth.drpc.org · Ethereum Curve 3pool 0xbebc44782c7db0a1a60cb6fe97d0b483032ff1c7 · block 24663945,Ethereum JSON-RPC historical state at block 24663945; block at/before 2026-03-15T16:00:00+00:00 selected within 300 seconds; actual block timestamp is recorded
2026-04-15T15:59:59Z,70923539.7293179,65053957.221835,27247479.974758,4000,0.00015,https://eth.drpc.org · Ethereum Curve 3pool 0xbebc44782c7db0a1a60cb6fe97d0b483032ff1c7 · block 24886271,Ethereum JSON-RPC historical state at block 24886271; block at/before 2026-04-15T16:00:00+00:00 selected within 300 seconds; actual block timestamp is recorded
2026-05-15T15:59:59Z,48140168.78439873,46342305.309099,68127061.391511,4000,0.00015,https://eth.drpc.org · Ethereum Curve 3pool 0xbebc44782c7db0a1a60cb6fe97d0b483032ff1c7 · block 25101603,Ethereum JSON-RPC historical state at block 25101603; block at/before 2026-05-15T16:00:00+00:00 selected within 300 seconds; actual block timestamp is recorded
2026-06-15T15:59:59Z,34656057.45280494,32873933.391793,92958424.549627,4000,0.00015,https://eth.drpc.org · Ethereum Curve 3pool 0xbebc44782c7db0a1a60cb6fe97d0b483032ff1c7 · block 25323958,Ethereum JSON-RPC historical state at block 25323958; block at/before 2026-06-15T16:00:00+00:00 selected within 300 seconds; actual block timestamp is recorded
2026-07-15T15:59:59Z,29304216.84820548,27204477.46629,103759315.105682,4000,0.00015,https://eth.drpc.org · Ethereum Curve 3pool 0xbebc44782c7db0a1a60cb6fe97d0b483032ff1c7 · block 25539109,Ethereum JSON-RPC historical state at block 25539109; block at/before 2026-07-15T16:00:00+00:00 selected within 300 seconds; actual block timestamp is recorded
2026-08-15T15:59:59Z,25617665.54083607,25009133.040462,108800576.062167,4000,0.00015,https://eth.drpc.org · Ethereum Curve 3pool 0xbebc44782c7db0a1a60cb6fe97d0b483032ff1c7 · block 25761500,Ethereum JSON-RPC historical state at block 25761500; block at/before 2026-08-15T16:00:00+00:00 selected within 300 seconds; actual block timestamp is recorded
2026-09-15T15:59:59Z,34104627.80852455,33769442.96088,92530868.435171,4000,0.00015,https://eth.drpc.org · Ethereum Curve 3pool 0xbebc44782c7db0a1a60cb6fe97d0b483032ff1c7 · block 25983917,Ethereum JSON-RPC historical state at block 25983917; block at/before 2026-09-15T16:00:00+00:00 selected within 300 seconds; actual block timestamp is recorded
2026-10-06T15:59:59Z,45713654.63793507,41445788.669718,72549684.900491,4000,0.00015,https://eth.drpc.org · Ethereum Curve 3pool 0xbebc44782c7db0a1a60cb6fe97d0b483032ff1c7 · block 26134386,Ethereum JSON-RPC historical state at block 26134386; block at/before 2026-10-06T16:00:00+00:00 selected within 300 seconds; actual block timestamp is recorded
