date_utc,asset,event_id
2022-05-09,USDT,EVT-2022-05-09-terra-luna
2022-05-10,USDT,EVT-2022-05-09-terra-luna
2022-05-11,USDT,EVT-2022-05-09-terra-luna
2022-05-12,USDT,EVT-2022-05-09-terra-luna
2022-11-08,USDT,EVT-2022-11-08-ftx
2022-11-09,USDT,EVT-2022-11-08-ftx
2022-11-10,USDT,EVT-2022-11-08-ftx
2022-11-11,USDT,EVT-2022-11-08-ftx
2023-03-10,USDC,EVT-2023-03-10-svb
2023-03-11,USDC,EVT-2023-03-10-svb
2023-03-12,USDC,EVT-2023-03-10-svb
2023-03-13,USDC,EVT-2023-03-10-svb
2023-08-16,USDC,EVT-2023-08-16-risk-off
2023-08-16,USDT,EVT-2023-08-16-risk-off
2023-08-17,USDC,EVT-2023-08-16-risk-off
2023-08-17,USDT,EVT-2023-08-16-risk-off
2023-08-18,USDC,EVT-2023-08-16-risk-off
2023-08-18,USDT,EVT-2023-08-16-risk-off
